{"data": [0.21773450671932704, 0.2533942256707074, 0.12136832117211101, 0.17687633808581357, 0.3027527436567871, 0.08435840391691873, 0.1731402079682225, 0.09726179564946155, 0.2533942256707074, 0.08079158011411568, 0.3099700625498025, 0.08794297911364071, 0.2024838606223547, 0.19168441753516338, 0.24021596903084058, 0.21267479097795844, 0.2458968717982145, 0.26317114924621193, 0.19687958812507114, 0.27443672456891527, 0.1160419077061006, 0.3027527436567871], "indices": [321, 339, 1218, 1658, 1667, 3010, 3234, 5779, 5968, 6995, 7271, 7656, 7704, 8620, 9577, 10029, 10030, 10266, 10420, 10579, 11475, 11478], "indptr": [0, 22], "shape": [1, 12000]}